{"text": " Okay, so let's go next.", "segments": [{"id": 0, "seek": 0, "start": 0.0, "end": 3.2, "text": " Okay, so let's go next.", "tokens": [50364, 1033, 11, 370, 718, 311, 352, 958, 13, 50524], "temperature": 0.0, "avg_logprob": -0.867826375094327, "compression_ratio": 0.7419354838709677, "no_speech_prob": 0.12955228984355927}], "language": "en"}